Índice,Nombre,Extensión
1,Clase 1,.pdf
2,Clase 2 - cast arreglos punteros,.pdf
3,Clase 3 memo dinamica stack heap funciones para heap,.pdf
4,Clase 4 - Listas enlazadas ,.ppsx
5,Clase 4 - Listas,.pdf
6,Clase 5 - Introducción net,.pdf
7,Clase 6 - Clases,.pdf
8,Clase 6 - Clases,.pptx
9,Clase 7 - Colecciones en c#,.pdf
10,Clase 8 - Manejos de archivos,.pptx
11,Clase 9 - Archivos JSON,.pptx
12,TL I - 2023 - TP03,.pdf
13,TL I - 2023 - TP04,.pdf
14,TL I - 2023 - TP05_0,.pdf
15,TL I - 2023 - TP06,.pdf
16,TL I - 2023 - TP07,.pdf
17,TL I - 2023 - TP08,.pdf
